{"cameraMode":{"drawMode":0,"name":"Shaded","section":"Shading Mode"},"sceneLighting":false,"audioPlay":false,"sceneViewState":{"showFog":true,"showMaterialUpdate":false,"showSkybox":true,"showFlares":true,"showImageEffects":true,"showParticleSystems":true},"in2DMode":false,"pivot":{"x":-7068.5625,"y":488.240234375,"z":2617.287841796875},"rotation":{"x":-0.6937841773033142,"y":-0.13191036880016328,"z":0.13548552989959718,"w":-0.6949149966239929},"size":21.480026245117189,"orthographic":true}