{"cameraMode":{"drawMode":0,"name":"Shaded","section":"Shading Mode"},"sceneLighting":false,"audioPlay":false,"sceneViewState":{"showFog":true,"showMaterialUpdate":false,"showSkybox":true,"showFlares":true,"showImageEffects":true,"showParticleSystems":true},"in2DMode":false,"pivot":{"x":-6.8785719871521,"y":0.30000001192092898,"z":-0.3255462646484375},"rotation":{"x":-0.547400176525116,"y":-0.0079687824472785,"z":0.004932250361889601,"w":-0.836818516254425},"size":1.5434129238128663,"orthographic":false}