{"cameraMode":{"drawMode":0,"name":"Shaded","section":"Shading Mode"},"sceneLighting":false,"audioPlay":false,"sceneViewState":{"showFog":true,"showMaterialUpdate":false,"showSkybox":true,"showFlares":true,"showImageEffects":true,"showParticleSystems":true},"in2DMode":false,"pivot":{"x":-13.8223876953125,"y":6.345893859863281,"z":-2.9935967922210695},"rotation":{"x":-0.6774253249168396,"y":-0.00594682339578867,"z":0.005158575717359781,"w":-0.7355494499206543},"size":43.37223815917969,"orthographic":false}