{"cameraMode":{"drawMode":0,"name":"Shaded","section":"Shading Mode"},"sceneLighting":false,"audioPlay":false,"sceneViewState":{"showFog":true,"showMaterialUpdate":false,"showSkybox":true,"showFlares":true,"showImageEffects":true,"showParticleSystems":true},"in2DMode":false,"pivot":{"x":-214.8779296875,"y":695.1513671875,"z":254.55859375},"rotation":{"x":0.6948770880699158,"y":-0.005618080031126738,"z":0.0057548098266124729,"w":0.7190836071968079},"size":25.348913192749025,"orthographic":false}