{"cameraMode":{"drawMode":0,"name":"Shaded","section":"Shading Mode"},"sceneLighting":false,"audioPlay":false,"sceneViewState":{"showFog":true,"showMaterialUpdate":false,"showSkybox":true,"showFlares":true,"showImageEffects":true,"showParticleSystems":true},"in2DMode":false,"pivot":{"x":-8.579141616821289,"y":-67.30174255371094,"z":41.6804313659668},"rotation":{"x":-0.43245211243629458,"y":0.014441946521401406,"z":-0.007188176270574331,"w":-0.9015125632286072},"size":14.924647331237793,"orthographic":false}