{"cameraMode":{"drawMode":0,"name":"Shaded","section":"Shading Mode"},"sceneLighting":false,"audioPlay":false,"sceneViewState":{"showFog":true,"showMaterialUpdate":false,"showSkybox":true,"showFlares":true,"showImageEffects":true,"showParticleSystems":true},"in2DMode":false,"pivot":{"x":-7.003689289093018,"y":2.5985958576202394,"z":4.980317115783691},"rotation":{"x":-0.26891353726387026,"y":-0.08264429867267609,"z":0.022921310737729074,"w":-0.959338366985321},"size":5.4491424560546879,"orthographic":false}