{"cameraMode":{"drawMode":0,"name":"Shaded","section":"Shading Mode"},"sceneLighting":false,"audioPlay":false,"sceneViewState":{"showFog":true,"showMaterialUpdate":false,"showSkybox":true,"showFlares":true,"showImageEffects":true,"showParticleSystems":true},"in2DMode":false,"pivot":{"x":-5.880322456359863,"y":1.0860002040863038,"z":3.4923410415649416},"rotation":{"x":-0.43245211243629458,"y":0.014441946521401406,"z":-0.007188176270574331,"w":-0.9015125632286072},"size":40.010372161865237,"orthographic":false}