{"cameraMode":{"drawMode":0,"name":"Shaded","section":"Shading Mode"},"sceneLighting":false,"audioPlay":false,"sceneViewState":{"showFog":true,"showMaterialUpdate":false,"showSkybox":true,"showFlares":true,"showImageEffects":true,"showParticleSystems":true},"in2DMode":false,"pivot":{"x":-7054.92578125,"y":2606.6796875,"z":-538.106201171875},"rotation":{"x":-0.7047624588012695,"y":0.0020529860630631449,"z":0.0016727602342143655,"w":-0.7094385027885437},"size":2.0542614459991457,"orthographic":true}