{"cameraMode":{"drawMode":0,"name":"Shaded","section":"Shading Mode"},"sceneLighting":false,"audioPlay":false,"sceneViewState":{"showFog":true,"showMaterialUpdate":false,"showSkybox":true,"showFlares":true,"showImageEffects":true,"showParticleSystems":true},"in2DMode":false,"pivot":{"x":1.249345302581787,"y":4.053502082824707,"z":-0.1529219150543213},"rotation":{"x":-0.07409367710351944,"y":-0.5990667343139648,"z":-0.0555150993168354,"w":0.7953283786773682},"size":2.443081855773926,"orthographic":false}