{"cameraMode":{"drawMode":0,"name":"Shaded","section":"Shading Mode"},"sceneLighting":false,"audioPlay":false,"sceneViewState":{"showFog":true,"showMaterialUpdate":false,"showSkybox":true,"showFlares":true,"showImageEffects":true,"showParticleSystems":true},"in2DMode":false,"pivot":{"x":86.3023681640625,"y":0.703125,"z":40.41552734375},"rotation":{"x":-0.7262048125267029,"y":-0.054317593574523929,"z":0.06165754795074463,"w":-0.6825500130653381},"size":43.29317855834961,"orthographic":true}