{"cameraMode":{"drawMode":0,"name":"Shaded","section":"Shading Mode"},"sceneLighting":false,"audioPlay":false,"sceneViewState":{"showFog":true,"showMaterialUpdate":false,"showSkybox":true,"showFlares":true,"showImageEffects":true,"showParticleSystems":true},"in2DMode":false,"pivot":{"x":-59.37890625,"y":-2.3491592407226564,"z":7.263670921325684},"rotation":{"x":-0.29053765535354617,"y":-0.025836262851953508,"z":0.007841493003070355,"w":-0.9564825892448425},"size":130.5996856689453,"orthographic":true}