{"cameraMode":{"drawMode":0,"name":"Shaded","section":"Shading Mode"},"sceneLighting":false,"audioPlay":false,"sceneViewState":{"showFog":true,"showMaterialUpdate":false,"showSkybox":true,"showFlares":true,"showImageEffects":true,"showParticleSystems":true},"in2DMode":false,"pivot":{"x":-101.15753173828125,"y":-3.35546875,"z":13.373233795166016},"rotation":{"x":0.5064154267311096,"y":-0.4962202310562134,"z":0.4977339208126068,"w":0.4995696544647217},"size":32.192386627197269,"orthographic":true}