{"cameraMode":{"drawMode":0,"name":"Shaded","section":"Shading Mode"},"sceneLighting":false,"audioPlay":false,"sceneViewState":{"showFog":true,"showMaterialUpdate":false,"showSkybox":true,"showFlares":true,"showImageEffects":true,"showParticleSystems":true},"in2DMode":false,"pivot":{"x":-0.07999992370605469,"y":0.11999988555908203,"z":0.690000057220459},"rotation":{"x":-0.0365435816347599,"y":-0.014621775597333908,"z":0.003173548961058259,"w":-0.999220073223114},"size":5.149271488189697,"orthographic":true}