{"cameraMode":{"drawMode":0,"name":"Shaded","section":"Shading Mode"},"sceneLighting":false,"audioPlay":false,"sceneViewState":{"showFog":true,"showMaterialUpdate":false,"showSkybox":true,"showFlares":true,"showImageEffects":true,"showParticleSystems":true},"in2DMode":false,"pivot":{"x":-68.61612701416016,"y":-2.498199462890625,"z":2.9272241592407228},"rotation":{"x":-0.6959150433540344,"y":-0.010121449828147889,"z":0.009484188631176949,"w":-0.7179901599884033},"size":51.521202087402347,"orthographic":false}