{"cameraMode":{"drawMode":0,"name":"Shaded","section":"Shading Mode"},"sceneLighting":false,"audioPlay":false,"sceneViewState":{"showFog":true,"showMaterialUpdate":false,"showSkybox":true,"showFlares":true,"showImageEffects":true,"showParticleSystems":true},"in2DMode":false,"pivot":{"x":-265.19940185546877,"y":696.6708984375,"z":207.0016326904297},"rotation":{"x":0.6948770880699158,"y":-0.005618080031126738,"z":0.0057548098266124729,"w":0.7190836071968079},"size":241.5162353515625,"orthographic":false}