{"cameraMode":{"drawMode":0,"name":"Shaded","section":"Shading Mode"},"sceneLighting":false,"audioPlay":false,"sceneViewState":{"showFog":true,"showMaterialUpdate":false,"showSkybox":true,"showFlares":true,"showImageEffects":true,"showParticleSystems":true},"in2DMode":false,"pivot":{"x":-0.5359326004981995,"y":3.010955810546875,"z":-3.2191643714904787},"rotation":{"x":-0.367258757352829,"y":0.05532950907945633,"z":-0.022144632413983346,"w":-0.9282075762748718},"size":12.083810806274414,"orthographic":false}