{"cameraMode":{"drawMode":0,"name":"Shaded","section":"Shading Mode"},"sceneLighting":false,"audioPlay":false,"sceneViewState":{"showFog":true,"showMaterialUpdate":false,"showSkybox":true,"showFlares":true,"showImageEffects":true,"showParticleSystems":true},"in2DMode":false,"pivot":{"x":43.13800048828125,"y":-10.496170043945313,"z":22.045427322387697},"rotation":{"x":-0.60599285364151,"y":-0.022188270464539529,"z":0.016913337633013727,"w":-0.7949806451797485},"size":93.28851318359375,"orthographic":false}