{"cameraMode":{"drawMode":0,"name":"Shaded","section":"Shading Mode"},"sceneLighting":false,"audioPlay":false,"sceneViewState":{"showFog":true,"showMaterialUpdate":false,"showSkybox":true,"showFlares":true,"showImageEffects":true,"showParticleSystems":true},"in2DMode":false,"pivot":{"x":-9.478249549865723,"y":-0.7017250061035156,"z":1.1492729187011719},"rotation":{"x":-0.43245211243629458,"y":0.014441946521401406,"z":-0.007188176270574331,"w":-0.9015125632286072},"size":95.27200317382813,"orthographic":false}