{"cameraMode":{"drawMode":0,"name":"Shaded","section":"Shading Mode"},"sceneLighting":false,"audioPlay":false,"sceneViewState":{"showFog":true,"showMaterialUpdate":false,"showSkybox":true,"showFlares":true,"showImageEffects":true,"showParticleSystems":true},"in2DMode":false,"pivot":{"x":-3.2055909633636476,"y":1.2962837219238282,"z":3.839254379272461},"rotation":{"x":-0.43245211243629458,"y":0.014441946521401406,"z":-0.007188176270574331,"w":-0.9015125632286072},"size":49.22898483276367,"orthographic":false}