{"cameraMode":{"drawMode":0,"name":"Shaded","section":"Shading Mode"},"sceneLighting":false,"audioPlay":false,"sceneViewState":{"showFog":true,"showMaterialUpdate":false,"showSkybox":true,"showFlares":true,"showImageEffects":true,"showParticleSystems":true},"in2DMode":false,"pivot":{"x":-6.803746223449707,"y":2.449010133743286,"z":-0.5279607772827148},"rotation":{"x":0.11048030108213425,"y":-0.012266910634934903,"z":-0.0015998990274965764,"w":-0.9938012957572937},"size":2.4434127807617189,"orthographic":false}