{"cameraMode":{"drawMode":0,"name":"Shaded","section":"Shading Mode"},"sceneLighting":false,"audioPlay":false,"sceneViewState":{"showFog":true,"showMaterialUpdate":false,"showSkybox":true,"showFlares":true,"showImageEffects":true,"showParticleSystems":true},"in2DMode":false,"pivot":{"x":13.300000190734864,"y":-23.200000762939454,"z":75.5999984741211},"rotation":{"x":-0.43245211243629458,"y":0.014441946521401406,"z":-0.007188176270574331,"w":-0.9015125632286072},"size":8.573651313781739,"orthographic":false}