{"cameraMode":{"drawMode":0,"name":"Shaded","section":"Shading Mode"},"sceneLighting":false,"audioPlay":false,"sceneViewState":{"showFog":true,"showMaterialUpdate":false,"showSkybox":true,"showFlares":true,"showImageEffects":true,"showParticleSystems":true},"in2DMode":false,"pivot":{"x":1.2940149307250977,"y":0.3303351104259491,"z":0.41031575202941897},"rotation":{"x":-0.020767640322446824,"y":-0.6355807185173035,"z":-0.016803620383143426,"w":0.7715721130371094},"size":7.48446798324585,"orthographic":false}