{"cameraMode":{"drawMode":0,"name":"Shaded","section":"Shading Mode"},"sceneLighting":false,"audioPlay":false,"sceneViewState":{"showFog":true,"showMaterialUpdate":false,"showSkybox":true,"showFlares":true,"showImageEffects":true,"showParticleSystems":true},"in2DMode":false,"pivot":{"x":-100.92822265625,"y":28.971336364746095,"z":16.5245304107666},"rotation":{"x":-0.5385347604751587,"y":-0.024875232949852945,"z":0.01904330961406231,"w":-0.8420207500457764},"size":10.831238746643067,"orthographic":true}