{"cameraMode":{"drawMode":0,"name":"Shaded","section":"Shading Mode"},"sceneLighting":false,"audioPlay":false,"sceneViewState":{"showFog":true,"showMaterialUpdate":false,"showSkybox":true,"showFlares":true,"showImageEffects":true,"showParticleSystems":true},"in2DMode":false,"pivot":{"x":-5.880322456359863,"y":1.0299997329711915,"z":3.4923410415649416},"rotation":{"x":-0.26891353726387026,"y":-0.08264429867267609,"z":0.022921310737729074,"w":-0.959338366985321},"size":40.010372161865237,"orthographic":false}