{"cameraMode":{"drawMode":0,"name":"Shaded","section":"Shading Mode"},"sceneLighting":false,"audioPlay":false,"sceneViewState":{"showFog":true,"showMaterialUpdate":false,"showSkybox":true,"showFlares":true,"showImageEffects":true,"showParticleSystems":true},"in2DMode":false,"pivot":{"x":0.4557819366455078,"y":-322.6319580078125,"z":-7.255859375},"rotation":{"x":-0.002601711545139551,"y":0.9999493956565857,"z":0.00842002872377634,"w":-0.004855372477322817},"size":56.20210647583008,"orthographic":true}