{"cameraMode":{"drawMode":0,"name":"Shaded","section":"Shading Mode"},"sceneLighting":false,"audioPlay":false,"sceneViewState":{"showFog":true,"showMaterialUpdate":false,"showSkybox":true,"showFlares":true,"showImageEffects":true,"showParticleSystems":true},"in2DMode":false,"pivot":{"x":-6.780934810638428,"y":2.2398548126220705,"z":-0.4909968376159668},"rotation":{"x":0.06715361028909683,"y":-0.01681423932313919,"z":-0.0013671469641849399,"w":-0.9976000785827637},"size":2.4434127807617189,"orthographic":false}