{"cameraMode":{"drawMode":0,"name":"Shaded","section":"Shading Mode"},"sceneLighting":false,"audioPlay":false,"sceneViewState":{"showFog":true,"showMaterialUpdate":false,"showSkybox":true,"showFlares":true,"showImageEffects":true,"showParticleSystems":true},"in2DMode":false,"pivot":{"x":4.902858257293701,"y":109.67809295654297,"z":0.06307581812143326},"rotation":{"x":-0.014377377927303315,"y":-0.727607011795044,"z":-0.014914863742887974,"w":0.6856814026832581},"size":0.08218646049499512,"orthographic":false}